model,checkpoint,ec,tax,split,n_generated,frac_terminated,frac_good,n_good,frac_enzymes,n_enzymes,average_accuracy_level,frac_ec_correct,n_ec_correct,ec_enrichment,frac_tax_mapped,frac_tax_correct,n_tax_correct,tax_enrichment,frac_both_correct,both_enrichment,avg_max_id,frac_70clusters,frac_90clusters,generated_ECs,both_count,ec_count,tax_count
tax-swissprot_20240820-004651,ba21000,no-ec,2.1224.1236.2887326.468.469.470,,900,0.8966666666666666,0.8011111111111111,721,0.9403606102635229,678,,,,,0.8510324483775811,0.8348082595870207,566,1.2337143066034502,0.8348082595870207,,0.7039872595870207,0.5398230088495575,0.8200589970501475,,,,
tax-swissprot_20240820-004651,ba21000,no-ec,2157.2283796.183967.2301.46630.46631.46632,,900,0.8411111111111111,0.6344444444444445,571,0.8966725043782837,512,,,,,0.806640625,0.44921875,230,6.591490145639228,0.44921875,,0.59453229296875,0.56640625,0.84765625,,,,
tax-swissprot_20240820-004651,ba21000,no-ec,2759.4890.147550.5125.5129.5543.51453,,900,0.2,0.1288888888888889,116,0.8620689655172413,100,,,,,0.91,0.73,73,2.9846105877315066,0.73,,0.7773412499999999,0.44,0.52,,,,
tax-swissprot_20240820-004651,ba21000,no-ec,10239.2731618.2731619.-1.2946170.10663.-1,,900,0.5033333333333333,0.2588888888888889,233,0.9313304721030042,217,,,,,0.8986175115207373,0.0,0,0.0,0.0,,0.825921746543779,0.2672811059907834,0.31336405529953915,,,,
