model,checkpoint,ec,tax,split,n_generated,frac_terminated,frac_good,n_good,frac_enzymes,n_enzymes,average_accuracy_level,frac_ec_correct,n_ec_correct,ec_enrichment,frac_tax_mapped,frac_tax_correct,n_tax_correct,tax_enrichment,frac_both_correct,both_enrichment,avg_max_id,frac_70clusters,frac_90clusters,generated_ECs,both_count,ec_count,tax_count
tax-swissprot_20240820-004651,ba63000,no-ec,2.1224.1236.2887326.468.469.470,,900,0.8711111111111111,0.7744444444444445,697,0.9540889526542324,665,,,,,0.8721804511278195,0.8571428571428571,570,1.2667213021864803,0.8571428571428571,,0.7170148766917294,0.6210526315789474,0.8345864661654135,,,,
tax-swissprot_20240820-004651,ba63000,no-ec,2157.2283796.183967.2301.46630.46631.46632,,900,0.8655555555555555,0.6433333333333333,579,0.9222797927461139,534,,,,,0.8164794007490637,0.5805243445692884,310,8.518167366193277,0.5805243445692884,,0.6350551441947565,0.5973782771535581,0.8089887640449438,,,,
tax-swissprot_20240820-004651,ba63000,no-ec,2759.4890.147550.5125.5129.5543.51453,,900,0.5288888888888889,0.11666666666666667,105,0.9142857142857143,96,,,,,0.9375,0.7916666666666666,76,3.236735226421154,0.7916666666666666,,0.8503401666666668,0.3854166666666667,0.4479166666666667,,,,
tax-swissprot_20240820-004651,ba63000,no-ec,10239.2731618.2731619.-1.2946170.10663.-1,,900,0.4666666666666667,0.2,180,0.8722222222222222,157,,,,,0.8853503184713376,0.0,0,0.0,0.0,,0.7691023566878981,0.4394904458598726,0.445859872611465,,,,
